hotelName,address,city,country,rating,contactNumber,pricePerNight,email,checkInTime,checkOutTime
Hotel Bolton,926 John Parks,Berlin,Mozambique,2.3,+1-150-416-5915x20177,92.75,rfuller@barrett.org,2025-06-12 21:41:24,2025-07-23 10:53:45
Hotel Dennis,04501 Davis Glens,London,Yemen,2.7,(361)032-6642,270.73,evanslaurie@drake.com,2025-06-08 08:06:17,2025-07-01 05:44:38
Hotel Richardson,7674 Davis Manors,Zurich,Syrian Arab Republic,4.4,(926)610-8573x278,150.89,robertssamuel@evans-joyce.com,2025-06-02 23:29:25,2025-08-11 16:40:51
Hotel Phillips,108 William Loop,Oslo,Japan,2.2,794-549-1801,386.16,lwhite@williams-butler.com,2025-06-06 03:33:43,2025-08-17 22:04:57
Hotel Gibson,452 Jacob Summit Suite 168,Dublin,Saint Kitts and Nevis,3.7,0610277697,396.68,christine95@nunez.com,2025-05-26 03:53:25,2025-07-04 01:16:03
Hotel Smith,30372 Ryan Road,Vienna,Burkina Faso,2.9,+1-314-727-6012,341.54,joannewallace@ruiz-heath.org,2025-06-02 16:28:19,2025-07-11 10:56:26
Hotel Hudson,50166 Mclaughlin Ranch Suite 076,Paris,French Polynesia,4.0,899.730.8069x5814,351.79,hsmall@dean-lucas.info,2025-06-12 02:01:58,2025-06-23 22:16:18
Hotel Roberts,5738 Briana Spur,Barcelona,Central African Republic,2.3,972-466-5729x34172,188.95,jamesobrien@leon.com,2025-06-02 07:15:19,2025-07-12 05:48:07
Hotel Williams,4522 Lindsay Junction,Warsaw,Micronesia,3.4,(193)183-7455x08428,276.49,mccarthysara@lloyd-estes.com,2025-05-27 01:09:39,2025-07-01 19:09:28
Hotel Hart,13524 Gill Parks,Berlin,Swaziland,2.2,001-125-521-3760x3754,347.41,christopherwatson@ward-ortega.com,2025-06-16 14:52:31,2025-08-01 20:28:19
Hotel Perez,6785 Scott Trail Apt. 811,Lisbon,Solomon Islands,3.7,562-606-0290x84668,351.71,jennifer55@wilcox.org,2025-05-29 00:53:40,2025-07-31 03:01:55
Hotel Schneider,563 Miller Plain Suite 628,Rome,Kiribati,4.7,+1-431-884-8520,372.51,zamoraamber@allen-schroeder.biz,2025-06-15 10:28:32,2025-07-02 15:08:10
Hotel Brown,8510 Shane Ports Apt. 753,Vienna,Saint Martin,2.6,001-998-935-4492x6831,355.16,zachary35@garcia-dawson.biz,2025-05-25 21:15:48,2025-06-30 20:44:34
Hotel Coleman,3715 Chapman Path,Helsinki,Bahamas,3.4,001-649-767-7622x82772,75.83,bensonstanley@francis.com,2025-05-27 16:09:37,2025-08-19 07:37:05
Hotel Ortiz,9408 David Inlet,Paris,Timor-Leste,4.1,(447)022-9604x432,155.33,jsmith@jones-williams.info,2025-06-18 17:27:01,2025-07-21 23:26:44
Hotel Chavez,7922 Gill Shores Suite 251,Warsaw,Monaco,3.7,+1-966-365-8074x120,71.19,ann18@lee.net,2025-06-18 21:52:24,2025-06-27 00:59:39
Hotel Boyd,018 Suzanne Harbor Apt. 397,Lisbon,Mongolia,2.0,895-690-7056,130.43,robertheath@reyes-davis.com,2025-06-17 05:00:23,2025-07-08 05:37:11
Hotel Thomas,24620 White Station Apt. 461,London,France,4.3,265-461-0339x93788,302.32,ravery@flores.biz,2025-05-25 02:03:08,2025-08-07 21:59:22
Hotel Russell,48913 Kevin Lodge,Oslo,Antarctica (the territory South of 60 deg S),4.8,183.258.2386x870,161.75,hesssusan@roberts.info,2025-06-04 04:12:32,2025-08-18 22:55:15
Hotel Franco,3984 Evan Place Apt. 416,Helsinki,El Salvador,2.7,001-128-463-9855x474,343.78,eileenmorris@stevens.com,2025-05-22 16:16:59,2025-07-04 21:23:29
Hotel Nielsen,02687 Medina Turnpike Apt. 807,Oslo,Oman,4.0,+1-156-956-2017x53703,243.79,changerin@howard.com,2025-06-01 15:26:37,2025-07-14 15:38:55
Hotel Coffey,7930 Tracey Route,Oslo,Lithuania,4.3,(149)872-8399x9219,107.58,julieanderson@foley.com,2025-05-31 05:18:40,2025-06-24 03:39:20
Hotel Byrd,870 Davidson Run Apt. 566,Paris,Puerto Rico,3.5,187-758-0304x687,391.27,adam35@beard.com,2025-06-11 11:34:27,2025-06-29 03:14:48
Hotel Wright,4110 Reynolds Burg,Barcelona,United States Virgin Islands,2.3,001-543-173-5058,138.93,sherryparsons@gonzales.com,2025-05-26 01:26:35,2025-06-27 19:11:55
Hotel Johnson,120 Brown Ridge Suite 110,Paris,United States Virgin Islands,3.0,+1-046-619-6399,321.46,chavezsteven@hobbs-harvey.com,2025-05-23 04:02:51,2025-08-04 23:51:48
Hotel Murphy,10919 Rebecca Crossroad,Istanbul,Malaysia,3.2,+1-845-679-7232x0024,323.01,ppalmer@collins-mcclure.com,2025-05-29 01:31:55,2025-08-06 11:51:27
Hotel Morrison,0892 John Viaduct Apt. 653,Madrid,Georgia,3.9,315.377.9599,326.41,christina65@garcia.info,2025-06-01 13:24:51,2025-06-22 06:24:10
Hotel Walker,9337 Aguirre Lane,Dublin,Northern Mariana Islands,3.5,620.501.5081,180.98,kellylee@durham.com,2025-05-31 12:16:15,2025-07-19 11:47:27
Hotel Robinson,258 Gregory Brooks Apt. 410,Oslo,China,3.3,+1-261-534-7355x28961,291.1,thomassandra@lee.com,2025-06-06 08:13:42,2025-08-19 02:50:19
Hotel Rowland,99384 Mark Center,Oslo,Japan,2.3,+1-428-973-1791x2868,270.33,victor72@marquez-fox.info,2025-06-14 22:15:45,2025-08-06 21:43:28
Hotel Perkins,33736 Kevin Lane,Vienna,Ethiopia,4.1,001-254-812-1478,87.89,jerry07@oliver.biz,2025-06-08 17:58:13,2025-08-09 05:08:50
Hotel Nelson,73415 Kelly Parkway,London,Ghana,3.1,814.311.1508x35354,326.52,julie43@munoz.net,2025-06-03 14:01:58,2025-06-22 17:40:24
Hotel Evans,6907 Michelle Forks Apt. 373,London,Sierra Leone,4.2,987.751.5366x37780,167.67,don24@smith.com,2025-06-01 20:30:13,2025-08-01 14:28:19
Hotel Jennings,845 Ashley Bypass Apt. 259,Rome,Jamaica,2.3,+1-999-663-6186x3715,380.61,tfowler@jackson.net,2025-05-30 12:44:56,2025-06-25 00:29:28
Hotel Barker,23164 Jesse Shoals Apt. 705,Dublin,Sweden,3.1,025.662.1286x71632,151.72,kylemeyers@wells.org,2025-05-31 18:16:06,2025-08-09 16:38:22
Hotel Cohen,02716 Alicia Port Suite 779,London,Saint Barthelemy,2.3,1475469263,206.53,rachelquinn@cruz-hopkins.org,2025-05-26 13:05:36,2025-07-30 02:49:44
Hotel Bautista,48413 Jenkins Track,Warsaw,Qatar,3.7,+1-151-185-6724,198.74,williammurray@fowler.info,2025-06-09 09:51:59,2025-07-25 06:34:06
Hotel Ross,0041 Mark Summit,Madrid,Samoa,2.3,771.183.7274x220,248.43,thompsondavid@myers.com,2025-05-29 08:37:27,2025-08-03 16:35:44
Hotel Thompson,837 Mary Valleys,Istanbul,Guinea-Bissau,3.8,164.709.0063x35331,170.31,fisherveronica@hoover-frazier.com,2025-06-01 14:46:05,2025-07-01 06:53:23
Hotel Conley,206 Lisa Islands,Oslo,South Georgia and the South Sandwich Islands,2.0,+1-393-866-1331,200.7,marcus06@stewart.com,2025-06-04 10:12:52,2025-07-27 17:34:25
Hotel Jones,4971 Johnathan Court,Paris,Aruba,4.2,+1-562-525-7150x997,250.24,vdixon@gordon.com,2025-06-02 04:47:36,2025-06-23 23:13:07
Hotel Blake,3639 Brian Landing,Vienna,New Zealand,3.7,432.630.3975x2450,117.66,swong@perez.com,2025-06-07 13:05:44,2025-07-15 10:16:08
Hotel Ryan,396 White Roads,Oslo,Costa Rica,2.5,1713023212,151.43,joelmiller@mcdonald.biz,2025-05-30 11:21:01,2025-08-19 17:31:25
Hotel Turner,347 Stephanie Lake Suite 627,Zurich,Egypt,3.5,689.627.0661x498,81.51,angelathompson@ford-chavez.biz,2025-06-18 04:43:51,2025-08-19 17:55:46
Hotel Jones,732 Adam Wall,Copenhagen,Liberia,2.8,576.665.6749x16016,161.92,jamesgraham@wise-walton.com,2025-06-15 15:31:29,2025-08-08 08:21:34
Hotel Barker,663 Tim Via,Paris,Norfolk Island,3.1,(024)972-4399x201,381.04,newmansabrina@mccarthy-mccann.com,2025-06-16 01:55:38,2025-07-10 05:46:41
Hotel Henderson,4886 Gross Terrace Apt. 195,Prague,Turkey,3.8,(436)402-7011,126.49,pwarren@quinn-jackson.com,2025-05-30 22:57:35,2025-07-04 22:48:16
Hotel Tucker,9323 Karen Valleys,Rome,Congo,2.4,001-346-791-2141x61415,62.3,richardstimothy@hodges.com,2025-06-19 04:23:10,2025-06-25 23:19:38
Hotel Clark,9847 Sherman Rapids,Oslo,Bhutan,3.0,(555)535-6690x55107,270.87,ihardy@guzman.com,2025-06-02 23:21:19,2025-07-27 16:17:30
Hotel Montgomery,630 Smith Lake Apt. 573,Lisbon,Korea,3.3,+1-769-156-7164x932,206.41,andersonlaura@collier-davies.info,2025-05-30 01:35:01,2025-08-04 05:42:41
Hotel Wilson,32116 Ethan Islands,Istanbul,Zimbabwe,2.4,(434)712-8715x3991,169.03,nicholas68@stokes-walker.com,2025-06-05 00:48:00,2025-06-30 10:05:53
Hotel Davis,195 Melissa Light,Amsterdam,Bouvet Island (Bouvetoya),3.4,001-040-983-6655,120.4,aprilguzman@rodriguez.net,2025-06-13 06:25:45,2025-07-22 13:56:58
Hotel Cabrera,77294 Julie Vista Apt. 954,Oslo,Cameroon,4.9,149.737.4605x23302,159.09,tluna@gaines.biz,2025-06-07 06:53:57,2025-08-01 22:08:19
Hotel Kennedy,6184 Horton Fields Suite 125,Prague,Philippines,4.9,001-904-729-2774x23330,325.87,jessica91@floyd.biz,2025-05-30 01:46:55,2025-06-27 09:02:59
Hotel Kelly,01859 Booker Road Suite 301,Lisbon,Bhutan,3.1,674.926.1764,337.61,hrichardson@miller.net,2025-06-01 19:51:22,2025-06-24 03:26:39
Hotel Berry,1926 Cooke Squares Suite 492,Oslo,Myanmar,3.1,518-260-6888,376.9,lbrown@reeves.com,2025-05-27 14:28:58,2025-07-09 10:45:57
Hotel George,87510 Bailey Shoal,Amsterdam,Tokelau,3.8,(184)011-8458,245.51,rodneylandry@wright.net,2025-06-05 03:37:12,2025-08-12 18:20:12
Hotel Taylor,585 Hailey Shore Apt. 303,Warsaw,Kenya,2.1,(432)983-9542,307.25,qjones@james-mckee.biz,2025-06-13 01:08:43,2025-06-29 23:47:02
Hotel King,283 Crystal Grove Apt. 598,Amsterdam,Western Sahara,3.3,+1-262-566-0931x418,159.05,suttonrichard@bowman-cox.com,2025-06-04 04:09:03,2025-07-06 02:45:38
Hotel Yates,16361 Gregory Stream Suite 971,Paris,Trinidad and Tobago,4.5,594.849.1025x62588,330.52,iwoods@smith-palmer.com,2025-05-28 01:01:04,2025-07-05 18:14:00
Hotel Bradley,53967 Scott Knoll Suite 844,Copenhagen,Honduras,4.0,(834)146-5111x31290,107.32,paulangela@stokes-smith.biz,2025-06-15 14:26:45,2025-07-05 03:41:21
Hotel Jimenez,0930 Park Summit,Brussels,Lesotho,2.7,(389)097-2832x152,283.95,stephanie67@jackson-booker.com,2025-06-03 00:47:08,2025-08-13 06:01:40
Hotel Miranda,4744 Aaron Roads,Copenhagen,Thailand,4.4,001-634-807-9705,85.15,gilbertmark@rodriguez-bailey.com,2025-06-10 10:13:52,2025-07-26 07:54:29
Hotel Garcia,18826 Robin Avenue Apt. 437,Istanbul,Algeria,3.4,(545)628-4177x2256,196.27,howardmonica@rodriguez.com,2025-05-28 09:32:12,2025-07-30 05:08:48
Hotel Manning,37416 Pierce Union,Budapest,Italy,4.8,+1-256-862-1102x25803,355.68,gregorymatthew@mclaughlin.info,2025-05-25 22:02:28,2025-08-02 13:19:06
Hotel Williamson,41436 Thomas Tunnel,Copenhagen,Egypt,3.6,892-392-3126,328.85,hilljames@simmons.com,2025-05-26 07:44:07,2025-06-26 20:31:21
Hotel Russell,335 Mendoza Pass Suite 041,Athens,Hong Kong,4.1,545-635-0200x053,336.18,thomas91@lopez-vaughan.com,2025-06-07 03:15:17,2025-07-21 10:59:26
Hotel Davis,825 Figueroa Lake,Istanbul,Bouvet Island (Bouvetoya),3.9,001-989-534-3961x1291,88.89,willisrhonda@roth.com,2025-05-25 13:01:44,2025-08-13 23:24:34
Hotel Cooper,82023 Pierce Glen Suite 571,Vienna,Nicaragua,4.0,(176)880-2942x40903,180.7,isimpson@mata.biz,2025-06-18 05:08:47,2025-07-29 19:07:45
Hotel Lawson,02939 Natasha Turnpike,Istanbul,Iran,2.1,788.443.4481x23083,394.43,benjamin24@nelson.com,2025-06-01 02:25:25,2025-08-12 19:29:04
Hotel Smith,955 Stacey Plaza Suite 269,Oslo,Brazil,4.9,500-534-2408x9164,172.74,lisawalker@harris-soto.biz,2025-05-29 11:07:24,2025-08-04 05:10:25
Hotel Blair,2717 Stephen Via Apt. 397,Copenhagen,Djibouti,2.3,001-240-422-6931x2163,93.53,zstout@ramsey.com,2025-06-20 04:40:33,2025-07-01 14:10:32
Hotel Cruz,02314 Sheena Rapid,Vienna,Honduras,3.5,0185132797,236.39,kylemendoza@brown.com,2025-06-17 07:08:34,2025-07-03 20:34:29
Hotel Bryan,418 Thomas Fork,Helsinki,Angola,4.1,3662543617,135.15,vickiwalker@howard-gilbert.com,2025-06-08 09:47:36,2025-06-30 03:23:47
Hotel Williams,68592 Hernandez Shores,Athens,Ukraine,3.2,+1-494-514-7541x02252,322.6,ygriffin@briggs-wilson.biz,2025-06-04 10:14:10,2025-07-05 22:53:18
Hotel Morris,65576 Steele Loop,Helsinki,Bermuda,4.1,+1-523-668-7887x883,111.25,tmiller@rose-frank.com,2025-05-26 03:26:30,2025-07-14 17:49:39
Hotel Smith,8721 Rhonda Lake,Madrid,Guyana,3.4,001-247-286-3330x21260,160.45,swatson@bates.info,2025-06-19 17:45:41,2025-07-07 06:21:29
Hotel Thomas,31096 Kathy Mountains,Paris,Antarctica (the territory South of 60 deg S),2.3,001-284-765-7041x2009,379.83,wesleysmith@frazier-liu.net,2025-06-03 10:26:35,2025-08-16 10:47:47
Hotel Torres,2418 Spence Crossroad,London,Macao,3.0,001-369-036-2891x7756,176.64,zmartin@lucas-lee.com,2025-05-26 23:25:22,2025-06-29 11:05:42
Hotel Morrison,34281 Jason Branch Suite 383,Amsterdam,Guyana,3.6,+1-034-199-0970x0514,178.42,hooperkaren@porter-edwards.biz,2025-06-08 04:22:06,2025-07-04 11:35:03
Hotel Leonard,8182 Brenda Light Suite 904,Rome,Reunion,3.3,(271)133-2288,296.9,seth25@ward-chase.biz,2025-05-23 20:24:23,2025-07-29 13:02:28
Hotel Clark,97102 Payne Union,Lisbon,Dominican Republic,2.2,717-524-2149,75.19,michael12@ingram.com,2025-06-12 08:48:29,2025-07-05 13:03:13
Hotel Martinez,54669 Scott Passage Suite 516,Rome,Wallis and Futuna,2.1,740.903.8021x46296,176.65,walkermorgan@davis.info,2025-05-27 04:55:15,2025-06-30 05:46:08
Hotel Dennis,3651 Peterson Rapids Suite 371,Rome,Cocos (Keeling) Islands,4.0,708-272-3590x960,115.88,kristine73@lewis.biz,2025-06-04 00:11:02,2025-07-16 09:09:24
Hotel Thompson,46147 Warren Skyway,Vienna,Norfolk Island,3.5,201-654-2356x778,247.65,tammykim@hudson.org,2025-05-31 13:07:37,2025-06-29 11:05:43
Hotel Contreras,5027 Victor Island,Lisbon,Saint Kitts and Nevis,3.7,648-072-7910,385.88,julielopez@payne.com,2025-06-01 02:10:47,2025-07-10 11:13:14
Hotel Ray,5044 Holly Run,Vienna,Philippines,4.4,665.586.8512x765,274.12,angelamartin@james-bruce.biz,2025-06-04 15:47:46,2025-07-01 12:59:57
Hotel Shaffer,09617 Cynthia Parkway,Berlin,Benin,3.9,001-046-337-8613,206.93,wsampson@gutierrez-hoover.biz,2025-05-22 06:38:55,2025-07-28 06:46:16
Hotel Walker,4463 Rachel Mall Apt. 002,Madrid,Slovenia,4.2,(895)529-6386x396,360.25,solisbecky@ayers.com,2025-06-10 11:27:20,2025-07-22 19:04:22
Hotel Moore,28196 Hood Estate,Dublin,Malaysia,3.8,311-060-9209x81960,192.2,tonyawalters@lopez-delgado.com,2025-06-05 07:43:40,2025-07-10 17:26:31
Hotel Pittman,0412 Danielle Prairie Apt. 179,Amsterdam,Martinique,2.6,124-421-1753,315.79,ygarcia@gutierrez.com,2025-06-01 02:48:02,2025-08-01 16:14:33
Hotel Preston,24029 David Junctions Suite 799,Paris,Honduras,3.7,+1-028-413-9080,331.83,javierdiaz@johnson.com,2025-05-25 23:00:21,2025-07-04 04:44:29
Hotel Hill,58477 Hunt Locks,Warsaw,Ethiopia,2.6,423.461.9942,170.83,stephaniefreeman@henderson-burgess.com,2025-05-27 03:06:12,2025-08-19 20:53:22
Hotel Patterson,1720 Matthews Hill Suite 601,Dublin,Hungary,2.3,(562)531-3552,288.04,david50@murphy.com,2025-06-18 04:08:48,2025-06-28 08:07:37
Hotel Campbell,318 Moran Valley,Prague,Hungary,3.6,+1-196-655-3307x70461,277.3,chavezcarolyn@reyes.org,2025-05-22 03:12:07,2025-08-05 17:47:40
Hotel Anderson,88050 Terry Village Suite 445,Istanbul,Finland,3.2,001-561-857-9064x77159,193.46,johnsonbrandon@taylor.biz,2025-06-01 21:29:41,2025-07-08 10:21:46
Hotel Lee,004 Daniel Hollow Apt. 459,Rome,Benin,3.0,(422)971-2529x6718,347.48,beckystanley@morris-simon.com,2025-05-26 08:44:31,2025-07-17 12:30:52
Hotel Phillips,8331 Teresa Circle,Istanbul,Seychelles,2.5,037.637.1539,289.02,kathleen47@moore.com,2025-06-08 13:27:49,2025-07-29 08:14:40
Hotel Parrish,3146 Gina Ways,Brussels,Korea,4.8,001-127-113-0724,260.66,alvarezalyssa@baker-mcintosh.com,2025-06-08 02:43:30,2025-08-02 19:11:40
Hotel Hernandez,507 Wood Causeway Suite 634,London,Croatia,2.9,629.489.7861,141.11,lucassusan@wilson.org,2025-06-03 19:54:29,2025-07-15 02:09:20
Hotel Patel,96661 Jessica Square Suite 732,Rome,Bahrain,2.5,549.401.2897,295.77,melissa32@maldonado-jackson.com,2025-06-13 00:09:12,2025-07-05 16:17:03
Hotel Wade,0241 Erin Walk Apt. 957,Budapest,American Samoa,3.2,001-073-710-0943,262.78,karirowe@torres.com,2025-06-12 21:07:27,2025-08-08 13:06:46
Hotel Bell,745 Smith Knoll Suite 589,Helsinki,Saint Pierre and Miquelon,3.2,148.026.3257x0396,123.16,jamie13@fowler-sheppard.net,2025-06-12 17:13:29,2025-08-12 01:34:12
Hotel Baker,6964 Lee Prairie Suite 916,Warsaw,China,4.1,954.107.2728x498,279.39,kevinroberts@smith-williams.com,2025-06-19 16:45:59,2025-07-03 21:24:51
Hotel Freeman,5004 Michael Haven,Berlin,Austria,3.7,821.423.6914x30753,226.48,ghenderson@mora-harper.com,2025-06-18 06:47:16,2025-08-03 05:18:48
Hotel Liu,342 Spencer Hollow,London,Philippines,2.6,149-782-6612x8758,346.27,taylor67@ali-murray.net,2025-05-23 04:34:19,2025-08-01 18:35:58
Hotel Campos,98529 Brown Vista Suite 260,Istanbul,Benin,2.2,870.104.1591x497,182.07,michelle19@dixon.net,2025-05-28 21:44:13,2025-08-15 11:27:27
Hotel Coffey,24407 Danny Alley,Madrid,Saint Vincent and the Grenadines,3.5,(918)133-1708,126.34,hmyers@sullivan-mcgrath.com,2025-06-17 10:45:43,2025-07-17 04:15:52
Hotel Salazar,916 Daisy Ferry Apt. 328,Oslo,Swaziland,4.9,001-837-744-1975x4661,231.85,bbutler@johnson.com,2025-06-18 07:08:21,2025-07-29 17:13:27
Hotel Carpenter,970 Estes Mountain,Prague,Algeria,3.2,001-740-258-8358x6812,227.19,michaelball@stevens-trevino.com,2025-06-04 10:04:40,2025-07-21 07:39:57
Hotel Long,7929 Anderson Islands Suite 996,Dublin,Uzbekistan,3.5,002-311-7753,88.11,danielgilmore@stafford.com,2025-05-24 21:56:16,2025-07-16 05:27:27
Hotel Johnson,5902 Rodriguez Mission,Madrid,Brazil,4.4,(298)334-7743x3268,134.98,christopherjohnson@davis.com,2025-06-08 08:42:25,2025-07-31 12:33:38
Hotel Payne,2873 Ashley Mountains,Barcelona,Mongolia,2.8,559.821.7661x91284,242.79,wilsonjerry@fernandez.com,2025-06-03 02:40:08,2025-07-29 19:32:51
Hotel Howard,1893 Ross Centers,Berlin,Romania,4.3,+1-197-400-5643,252.32,pamela02@payne.com,2025-05-24 22:24:21,2025-07-14 18:48:57
Hotel Jones,1699 Paige Neck,Prague,Lithuania,3.6,(401)078-3567,98.49,kimberly30@johnson.net,2025-06-20 10:19:16,2025-07-28 17:49:37
Hotel Sutton,706 Dominguez Meadows,Rome,Pitcairn Islands,2.8,001-682-171-9553x560,244.66,jessechapman@gutierrez.org,2025-05-24 03:07:31,2025-06-23 08:30:15
Hotel Cortez,02724 Lee Rapids,Athens,Tunisia,3.6,+1-342-967-1114x8375,317.31,scottturner@deleon-carter.com,2025-06-16 11:36:21,2025-07-17 21:11:25
Hotel Wolfe,56974 James Dam,Dublin,Ghana,3.6,348.315.2037x71070,396.52,joshua64@brown.biz,2025-06-14 22:55:16,2025-06-23 17:42:29
Hotel Reyes,33626 Donna Bypass Suite 095,Rome,Tokelau,4.2,930-596-6018x648,282.25,ucoleman@mack.info,2025-06-02 11:20:33,2025-07-04 17:04:25
Hotel Smith,38459 Johnson Harbor Suite 449,Vienna,United States of America,2.9,1495427707,399.77,owenstammy@little-hawkins.biz,2025-05-24 18:02:39,2025-08-17 04:17:05
Hotel Miller,72444 Martinez Roads Apt. 290,Dublin,Wallis and Futuna,2.8,102.879.5083,353.15,lynnvictoria@smith-kirk.com,2025-06-17 03:26:52,2025-06-26 06:01:25
Hotel Young,87181 James Ports,Paris,Nepal,3.3,(616)420-5955x657,397.95,christy25@carter.org,2025-05-23 03:32:19,2025-07-02 05:19:36
Hotel Lewis,895 Nicholas Prairie Apt. 261,Vienna,Netherlands,2.6,398-986-8180,310.79,hhopkins@stewart-lee.org,2025-06-05 03:14:01,2025-07-15 14:25:00
Hotel Sanchez,75137 Cox Knoll Apt. 579,Athens,Greenland,4.6,763.928.3692,267.49,laura55@miller.net,2025-05-29 02:41:05,2025-08-16 19:59:33
Hotel Chen,70216 Cannon Station,Copenhagen,Lithuania,2.5,120.602.1288x6652,107.34,pterry@carter.com,2025-06-19 14:54:35,2025-07-02 08:54:52
Hotel Williams,6764 Graves Street Apt. 981,Amsterdam,Saint Helena,4.4,(099)576-5728,333.85,shirley13@snyder-williams.net,2025-06-16 09:40:58,2025-08-17 04:53:08
Hotel Anthony,5652 Bobby Street Apt. 684,Helsinki,Madagascar,3.1,001-951-542-1447,155.57,kwalker@crosby-green.org,2025-05-27 01:25:34,2025-07-14 09:37:44
Hotel Ramirez,88209 Susan Plains,Warsaw,Papua New Guinea,2.5,+1-307-053-4967,392.86,mariahphillips@moran.info,2025-06-11 21:24:51,2025-08-08 19:09:24
Hotel Miller,1513 Mark Parkways,Brussels,Estonia,2.9,478-150-6185x38003,150.9,brendawiggins@nunez.info,2025-05-29 06:13:13,2025-08-07 22:46:17
Hotel Lopez,2318 Aaron Cliff Suite 893,Budapest,Suriname,5.0,001-206-496-9357x824,290.96,nancycontreras@robles-myers.com,2025-06-17 06:54:37,2025-08-07 14:30:13
Hotel Davis,6753 Wilson Mountain,Rome,French Polynesia,2.4,156-277-9630x44836,315.03,hartmarcus@stewart.biz,2025-06-03 13:31:29,2025-06-27 05:05:34
Hotel Washington,0476 Ashley Expressway,Copenhagen,Ethiopia,4.8,+1-319-952-9800,397.45,tdavis@barr-wang.net,2025-05-24 23:43:47,2025-06-26 16:28:04
Hotel Clark,86342 Rivera Forge,London,Malaysia,4.1,+1-300-081-8670,105.11,justinjohnson@barton.com,2025-06-09 06:01:23,2025-07-30 19:36:19
Hotel Cardenas,11860 Julia Plains Apt. 196,London,Bulgaria,4.1,945.680.4473,341.68,bakerdiana@bennett-jordan.com,2025-06-10 15:11:51,2025-08-15 09:00:14
Hotel Webb,0765 Shaun Ports,Oslo,Fiji,3.5,6375791452,256.32,davisgary@watkins-miller.biz,2025-06-20 20:02:57,2025-08-06 21:09:25
Hotel Sharp,74645 Benjamin Spurs,Zurich,Maldives,3.9,001-960-438-7875,187.56,marcfletcher@peters.com,2025-06-11 13:46:00,2025-06-29 10:23:11
Hotel Martinez,81237 Benjamin Manors,Paris,Honduras,3.9,287.286.6041x6448,359.24,christina59@martin.org,2025-06-08 22:19:46,2025-08-11 08:01:50
Hotel King,52287 Louis Fall Apt. 710,Paris,Netherlands Antilles,3.2,331-875-1097x9215,314.93,michaelsmith@hill.org,2025-06-05 18:00:46,2025-07-27 13:36:01
Hotel Wang,831 Dakota Forge Suite 249,Athens,Niger,3.4,289-659-9949,225.94,aclark@hays.org,2025-05-29 00:27:47,2025-07-05 19:46:44
Hotel Alvarez,1028 Coleman Mountains,Helsinki,Chad,2.0,481-386-6675x48581,323.21,stephaniedougherty@dawson-larsen.net,2025-06-12 08:20:38,2025-08-08 11:47:19
Hotel Mccormick,652 Michelle Walk,Paris,Puerto Rico,4.2,563.983.6520x375,215.87,adamcollins@bartlett.net,2025-05-22 12:55:39,2025-08-19 19:40:29
Hotel Johnson,760 Hill Centers Apt. 797,Athens,Faroe Islands,4.6,278.105.0922x2161,330.53,ramosjennifer@davis-stephens.com,2025-06-20 17:09:15,2025-06-23 12:38:32
Hotel Hood,295 Shelia Lodge Suite 013,Oslo,Grenada,2.7,001-824-127-0493x86204,206.08,ann15@carroll-horton.org,2025-06-13 09:13:42,2025-06-30 11:13:13
Hotel Hardin,125 Katie Turnpike,Amsterdam,Brazil,3.5,3571343240,169.77,lmccarthy@taylor-stewart.com,2025-05-31 01:06:34,2025-07-18 09:27:24
Hotel Gonzalez,7417 Lane Keys Suite 209,Brussels,Turks and Caicos Islands,3.0,(289)365-4358x8418,256.5,jonathanmcdonald@weeks.com,2025-06-13 23:26:51,2025-07-05 11:34:52
Hotel Willis,690 Haynes Roads Suite 026,Helsinki,Lao People's Democratic Republic,4.6,551.254.2782x0797,328.02,esimon@king.org,2025-06-07 07:26:41,2025-08-07 18:13:43
Hotel Morales,81664 Watkins Estates,Barcelona,Philippines,2.1,249.839.2250x14257,272.9,amartin@hernandez.com,2025-05-30 20:51:18,2025-07-14 20:08:08
Hotel Harris,328 Smith Estate,Dublin,Togo,2.0,(178)637-6731x625,376.01,ricardomurphy@weiss-cross.biz,2025-06-19 21:16:20,2025-07-30 03:31:33
Hotel Jones,903 Katrina Land Suite 580,Berlin,Marshall Islands,3.3,+1-961-327-3034x615,60.23,bvaldez@mitchell.info,2025-05-23 14:21:50,2025-07-17 06:00:27
Hotel Fisher,8171 Parks Courts,Copenhagen,Zimbabwe,2.6,+1-602-529-8670x7660,294.12,ronald19@shaw-norman.com,2025-06-16 21:08:10,2025-07-27 07:58:39
Hotel Floyd,612 Matthew Station Suite 389,London,Bouvet Island (Bouvetoya),4.6,001-760-740-1775x0954,162.63,srogers@daniels.com,2025-06-08 05:35:22,2025-08-01 09:36:31
Hotel Griffin,091 Dennis Place Suite 321,Zurich,Andorra,2.3,+1-122-764-5793,182.55,uwilliams@johnson-lynch.com,2025-06-09 10:44:56,2025-08-10 16:18:28
Hotel Miller,6024 Mary Meadows Apt. 394,Paris,Saint Kitts and Nevis,3.1,988-305-9736x4248,367.29,jacobsrenee@mitchell.biz,2025-05-28 04:58:39,2025-07-18 14:02:43
Hotel Ford,33053 Cheryl Stream Suite 969,Berlin,Ethiopia,2.2,867-805-5557x27738,272.71,emilyscott@guerrero.com,2025-06-14 12:38:47,2025-08-15 09:46:18
Hotel Miller,4577 Eric Prairie Apt. 959,Vienna,Guatemala,3.3,(604)873-6826x91163,91.01,victoriaduncan@hancock.biz,2025-06-17 14:39:59,2025-07-31 13:41:59
Hotel Potter,455 Elizabeth Spur Suite 888,Rome,Guinea,2.0,(367)747-2264x0857,222.11,francesgarcia@delgado.com,2025-06-01 18:59:28,2025-07-05 08:41:03
Hotel Harvey,960 Bishop Expressway,London,New Caledonia,3.8,001-715-096-8832,236.61,pwood@kennedy.com,2025-06-06 13:47:20,2025-07-04 18:53:06
Hotel Brown,97739 Fritz Underpass,Dublin,French Polynesia,2.0,(781)952-3710,296.5,flemingrichard@cowan.biz,2025-06-03 12:44:38,2025-08-13 01:53:03
Hotel Baldwin,7046 Michael Stravenue,Rome,British Indian Ocean Territory (Chagos Archipelago),5.0,761.124.9125x65237,203.59,josephrivera@jones.com,2025-06-03 12:42:34,2025-07-25 03:44:16
Hotel Norris,4949 Kathleen Drive Suite 035,London,French Polynesia,3.4,001-544-294-7742,137.84,dwaynecarter@scott-perez.com,2025-06-19 05:18:02,2025-07-21 07:43:40
Hotel Silva,8867 Teresa Row Apt. 985,Paris,Cameroon,4.2,567.287.2760x15343,94.83,edwardfranklin@mccormick.info,2025-06-18 13:11:47,2025-06-23 02:13:04
Hotel Francis,350 Sims Isle,Lisbon,Tajikistan,3.1,148.881.0798x33423,161.75,hannahbryant@krause.net,2025-06-04 09:04:18,2025-06-30 18:40:13
Hotel Lee,84033 Brenda Prairie,Oslo,Samoa,4.3,718.051.3717x1731,316.07,carmenevans@perkins.info,2025-05-31 08:44:42,2025-08-18 02:06:43
Hotel Reid,46947 Mark Orchard Suite 448,London,Sri Lanka,3.9,548.847.1270,290.23,patricia87@martin-jones.biz,2025-06-05 16:43:13,2025-07-01 02:08:50
Hotel Atkins,823 Kathryn Forest Suite 845,Paris,Uzbekistan,3.6,001-871-493-9252x36229,62.88,markblack@valdez-kramer.com,2025-06-02 00:16:13,2025-07-17 10:17:08
Hotel Michael,2455 Cole Manors Suite 606,Berlin,Latvia,3.3,6527403344,305.63,andrew66@grant-stevenson.com,2025-06-20 21:17:33,2025-08-09 17:43:52
Hotel Gates,32579 Crane Cape,London,Kazakhstan,4.8,001-673-499-6010x54857,269.47,daniel21@rowland-oconnor.com,2025-05-29 05:02:22,2025-08-18 04:08:27
Hotel Andrews,3598 Hawkins Viaduct,Dublin,French Southern Territories,4.6,021-557-3257x3755,89.47,ericapadilla@munoz-cantu.com,2025-05-27 16:39:17,2025-07-31 18:58:20
Hotel Foster,80850 Forbes Parkways Suite 874,Rome,Japan,2.4,001-511-918-1828,101.87,berrytaylor@kaiser.biz,2025-06-04 08:21:32,2025-08-06 02:58:58
Hotel Preston,512 Gibson Tunnel,Oslo,Korea,3.1,001-606-940-9600x356,205.99,jonathanwalker@saunders.com,2025-06-18 19:03:26,2025-07-26 08:10:17
Hotel Beard,23421 Amanda Vista,London,Uganda,2.7,2851553334,279.17,rogernelson@barton.com,2025-06-12 06:00:24,2025-07-03 20:39:19
Hotel Gould,3607 Ross Ford,Vienna,Syrian Arab Republic,3.7,001-691-128-9812x31795,264.0,robert31@ward.info,2025-05-22 16:35:55,2025-06-22 14:41:41
Hotel Lara,55416 Perez Squares Apt. 670,Istanbul,Hong Kong,2.9,502-329-0282x270,380.03,carlsonjason@guerrero.com,2025-06-11 06:14:13,2025-07-08 15:33:20
Hotel Mayer,251 Anthony Ford,Madrid,China,4.5,654-950-0507x0260,283.86,ufarmer@jackson.com,2025-05-26 09:07:12,2025-08-01 16:11:09
Hotel Rodriguez,6872 Larry Mountains Suite 258,Brussels,Bahrain,2.6,(917)793-2382x231,266.36,lovejustin@garcia.com,2025-06-06 20:39:53,2025-08-05 18:40:25
Hotel Garza,56529 Julie Union Suite 032,Amsterdam,Paraguay,4.2,2032650977,160.48,jacob96@haney-chavez.com,2025-06-17 09:47:01,2025-08-03 14:44:35
Hotel Mcgee,2457 Alvarado Skyway Suite 841,Barcelona,British Indian Ocean Territory (Chagos Archipelago),4.4,(608)213-7118x425,329.88,shaun81@white.net,2025-05-31 08:50:14,2025-07-05 15:59:33
Hotel Becker,58929 Lauren Lake,Vienna,Tajikistan,3.5,+1-382-521-2932,98.33,rgarrison@haley.com,2025-06-09 19:54:20,2025-08-11 13:33:01
Hotel English,2401 Erickson Skyway Suite 399,Prague,Italy,3.9,062-272-3626,84.14,pvargas@jones-richmond.com,2025-05-28 17:24:46,2025-07-30 21:12:44
Hotel Barber,72450 Abigail Pine,Madrid,British Virgin Islands,5.0,973-741-8972,377.53,beardkaren@peterson.biz,2025-06-03 07:24:41,2025-07-02 20:43:07
Hotel Owens,743 Christopher Street,London,Nigeria,3.2,+1-953-766-0144x485,345.25,qestrada@miller-garcia.info,2025-06-02 16:36:20,2025-08-17 18:45:50
Hotel Walker,417 Obrien Ways Suite 091,Copenhagen,Lithuania,3.1,001-191-135-9966,292.2,reedkristin@berry-mills.biz,2025-06-11 20:52:06,2025-06-24 09:32:05
Hotel Bradley,514 Pham Stream,Prague,Cuba,4.9,455.534.7057x423,321.92,joy52@gates-cook.org,2025-06-17 00:52:37,2025-07-14 00:04:00
Hotel Poole,165 Fowler Throughway,Madrid,Ghana,3.8,(347)557-5225x0139,64.69,regina84@medina.com,2025-05-26 10:33:52,2025-06-30 16:46:00
Hotel Harper,2585 Anderson Lights Apt. 499,Amsterdam,Rwanda,2.1,537-038-2407,80.56,marthalucero@golden.com,2025-05-28 23:09:51,2025-06-23 02:43:29
Hotel Sanchez,776 Robert Vista,Oslo,French Polynesia,3.5,969.645.4655x35851,273.71,marccarey@wright.net,2025-06-14 00:03:45,2025-08-12 21:16:01
Hotel Garcia,583 Adams Villages,Budapest,Germany,4.3,7977961208,204.02,dhansen@woods-mccarthy.com,2025-06-08 02:42:29,2025-06-28 06:12:38
Hotel Higgins,097 Padilla Dale Suite 374,Oslo,Zimbabwe,2.2,+1-453-986-2895,242.43,arellanobrian@matthews-hampton.com,2025-06-20 16:58:32,2025-06-28 02:03:13
Hotel Gutierrez,339 Mary Burgs,Istanbul,Malta,2.5,+1-715-116-9666x7252,88.42,collinsgregory@koch-porter.com,2025-06-03 13:17:56,2025-07-30 21:10:57
Hotel Perez,7184 Natasha Circle,Paris,Cook Islands,3.5,+1-051-208-0056,129.09,anthony99@villarreal-sosa.com,2025-06-15 02:14:04,2025-07-09 13:22:54
Hotel Robinson,29592 Mccarthy Trail Apt. 827,London,Martinique,3.6,9081441529,192.85,racheljimenez@moore.info,2025-06-17 12:13:53,2025-07-29 15:51:52
Hotel West,815 Michael Garden,Paris,Slovenia,2.9,360.507.9181x5899,208.75,psherman@campbell.info,2025-05-31 12:31:23,2025-07-20 08:25:56
Hotel Sims,6170 Garcia Points Suite 964,Vienna,Western Sahara,2.2,408.031.4998x2508,89.31,williamskevin@bell.com,2025-06-11 23:12:23,2025-08-10 06:23:14
Hotel Sweeney,031 Dodson Forges Suite 137,Copenhagen,Mali,2.3,990.063.1403,268.18,tracey63@lowery-morales.com,2025-05-28 18:50:41,2025-08-19 00:58:49
Hotel Howell,9434 Vaughn Mall Suite 643,Barcelona,Egypt,2.9,001-749-060-7231x11271,312.18,amandajackson@scott.biz,2025-06-04 17:36:43,2025-08-12 23:21:52
Hotel Mitchell,16318 Gonzalez Path Apt. 771,Berlin,France,2.4,306-211-3695,300.69,crodgers@hammond.com,2025-06-01 02:57:30,2025-07-22 18:35:54
Hotel Carroll,4257 Rachel Centers,Madrid,Aruba,2.5,(624)813-2357x0713,384.03,angela28@brown-cohen.biz,2025-06-16 01:21:24,2025-08-12 18:44:10
Hotel Montgomery,550 Rachel Spur,Budapest,Andorra,3.6,060.906.9130,339.65,smithmadison@pineda-newman.com,2025-06-20 19:32:14,2025-07-29 11:01:14
Hotel Kent,794 Baird Roads,Zurich,Korea,2.5,727.853.2426x425,103.16,reynoldskevin@stevens.net,2025-06-01 22:14:43,2025-07-30 23:03:14
Hotel Larsen,66677 Farley Mountain Suite 556,Zurich,Brunei Darussalam,4.2,(833)339-3957,100.14,tbrooks@long.com,2025-06-17 06:13:45,2025-08-04 19:46:10